shot_id,n_frames,used_in_evaluation,cv_fold
shot_0000,95,True,3
shot_0001,87,True,1
shot_0002,94,True,1
shot_0003,99,True,2
shot_0004,77,True,2
shot_0005,94,True,0
shot_0006,76,True,3
shot_0007,87,True,4
shot_0008,76,True,2
shot_0009,94,True,2
shot_0010,88,True,0
shot_0011,81,True,1
shot_0012,66,True,4
shot_0013,76,True,1
shot_0014,73,True,4
shot_0015,72,True,2
shot_0016,72,True,0
shot_0017,79,True,2
shot_0018,64,True,3
shot_0019,78,True,2
shot_0020,73,True,2
shot_0021,69,True,3
shot_0022,66,True,2
shot_0023,77,True,1
shot_0024,61,True,3
shot_0025,79,True,2
shot_0026,63,True,3
shot_0027,92,True,2
shot_0028,87,True,3
shot_0029,74,True,4
shot_0030,74,True,3
shot_0031,71,True,4
shot_0032,79,True,4
shot_0033,62,True,4
shot_0034,83,True,2
shot_0035,98,True,3
shot_0036,72,True,0
shot_0037,65,True,1
shot_0038,69,True,1
shot_0039,69,True,1
shot_0040,63,True,2
shot_0041,86,True,1
shot_0042,89,True,0
shot_0043,65,True,2
shot_0044,90,True,1
shot_0045,76,True,3
shot_0046,78,True,4
shot_0047,77,True,3
shot_0048,76,True,1
shot_0049,81,True,4
shot_0050,99,True,1
shot_0051,73,True,4
shot_0052,85,True,1
shot_0053,79,True,0
shot_0054,105,True,1
shot_0055,75,True,2
shot_0056,64,True,4
shot_0057,68,True,3
shot_0058,85,True,4
shot_0059,65,True,4
shot_0060,74,True,3
shot_0061,75,True,4
shot_0062,69,True,3
shot_0063,86,True,3
shot_0064,90,True,0
shot_0065,70,True,3
shot_0066,74,True,3
shot_0067,67,True,3
shot_0068,65,True,1
shot_0069,77,True,4
shot_0070,75,True,3
shot_0071,80,True,0
shot_0072,68,True,1
shot_0073,80,True,4
shot_0074,75,True,0
shot_0075,74,True,0
shot_0076,86,True,4
shot_0077,73,True,4
shot_0078,63,True,4
shot_0079,70,True,2
shot_0080,83,True,1
shot_0081,65,True,3
shot_0082,74,True,3
shot_0083,73,True,0
shot_0084,66,True,0
shot_0085,93,True,2
shot_0086,65,True,3
shot_0087,93,True,0
shot_0088,67,True,0
shot_0089,80,True,0
shot_0090,87,True,0
shot_0091,80,True,2
shot_0092,76,True,2
shot_0093,101,True,0
shot_0094,97,True,1
shot_0095,78,True,4
shot_0096,84,True,4
shot_0097,75,True,0
shot_0098,82,True,2
shot_0099,76,True,1
shot_0100,81,True,2
shot_0101,83,True,4
shot_0102,69,True,2
shot_0103,109,True,2
shot_0104,104,True,4
shot_0105,94,True,2
shot_0106,97,True,3
shot_0107,77,True,0
shot_0108,101,True,0
shot_0109,77,True,2
shot_0110,79,True,2
shot_0111,63,True,0
shot_0112,94,True,0
shot_0113,95,True,4
shot_0114,96,True,3
shot_0115,98,True,4
shot_0116,85,True,0
shot_0117,101,True,2
shot_0118,84,True,1
shot_0119,91,True,1
shot_0120,89,True,4
shot_0121,101,True,4
shot_0122,95,True,2
shot_0123,85,True,1
shot_0124,87,True,3
shot_0125,73,True,3
shot_0126,92,True,3
shot_0127,113,True,4
shot_0128,81,True,0
shot_0129,73,True,1
shot_0130,98,True,1
shot_0131,81,True,0
shot_0132,79,True,2
shot_0133,85,True,1
shot_0134,103,True,1
shot_0135,81,True,1
shot_0136,68,True,3
shot_0137,94,True,1
shot_0138,106,False,
shot_0139,89,True,0
shot_0140,75,True,0
shot_0141,80,True,1
shot_0142,77,True,0
shot_0143,66,True,2
shot_0144,87,True,2
shot_0145,64,True,4
shot_0146,86,True,0
shot_0147,71,True,2
shot_0148,95,True,1
shot_0149,102,True,3
shot_0150,91,True,3
shot_0151,109,True,0
shot_0152,92,True,4
shot_0153,85,True,0
shot_0154,77,True,3
shot_0155,101,True,4
shot_0156,100,True,2
shot_0157,90,True,0
shot_0158,93,True,3
shot_0159,90,True,1
shot_0160,84,True,4
shot_0161,80,True,1
shot_0162,115,True,0
shot_0163,125,True,3
shot_0164,81,True,1
shot_0165,94,True,0
shot_0166,98,True,4
